{
  "model_path": "saved_models\\Test-Model_20260101_030731",
  "model_name": "Test-Model_20260101_030731",
  "metrics": {
    "accuracy": 0.35465749596500534,
    "precision": 0.6230799840827695,
    "recall": 0.13120386120444777,
    "f1_score": 0.21676322583771138,
    "threshold": 0.08008832484483719,
    "mean_reconstruction_error": 0.061439868062734604,
    "anomaly_rate": 0.14332072932172168
  },
  "training_samples": 175341,
  "features_count": 10,
  "loss_history": [
    0.24003718793392181,
    0.23358216881752014,
    0.22734275460243225,
    0.2211472988128662,
    0.21505288779735565,
    0.20923130214214325,
    0.2034711241722107,
    0.19785280525684357,
    0.19227081537246704,
    0.1868322640657425,
    0.18152357637882233,
    0.1762818843126297,
    0.1712028831243515,
    0.1662350296974182,
    0.16134026646614075,
    0.1564997136592865,
    0.15171115100383759,
    0.1471288949251175,
    0.14256519079208374,
    0.13819003105163574,
    0.13379281759262085,
    0.12959571182727814,
    0.1254688799381256,
    0.12140508741140366,
    0.11747565865516663,
    0.11368949711322784,
    0.10998037457466125,
    0.10634583234786987,
    0.10274511575698853,
    0.0994199886918068,
    0.09610310196876526,
    0.09284134209156036,
    0.08979854732751846,
    0.0867883563041687,
    0.08379849791526794,
    0.08101329952478409,
    0.07833024114370346,
    0.07571380585432053,
    0.0731068029999733,
    0.07062025368213654,
    0.06828600913286209,
    0.06599907577037811,
    0.06382361054420471,
    0.06163394823670387,
    0.05961569771170616,
    0.057564716786146164,
    0.05573108792304993,
    0.0538778081536293,
    0.052155591547489166,
    0.05055288225412369
  ]
}