{
  "model_path": "saved_models\\new-model_20260101_142951",
  "model_name": "new-model_20260101_142951",
  "metrics": {
    "accuracy": 0.3577828345908829,
    "precision": 0.6864754098360656,
    "recall": 0.10386204238275194,
    "f1_score": 0.18042606461567573,
    "threshold": 0.09507433325052261,
    "mean_reconstruction_error": 0.06999895721673965,
    "anomaly_rate": 0.10297648581906114
  },
  "training_samples": 175341,
  "features_count": 10,
  "loss_history": [
    0.27376556396484375,
    0.26668670773506165,
    0.2597132921218872,
    0.25295644998550415,
    0.24643497169017792,
    0.2399412840604782,
    0.23366981744766235,
    0.22758524119853973,
    0.22157780826091766,
    0.21577712893486023,
    0.21011359989643097,
    0.20465892553329468,
    0.19923792779445648,
    0.19384413957595825,
    0.18863673508167267,
    0.18367739021778107,
    0.17861318588256836,
    0.17371247708797455,
    0.16884511709213257,
    0.1641162782907486,
    0.1594885140657425,
    0.15494482219219208,
    0.15040288865566254,
    0.1460181176662445,
    0.1416192501783371,
    0.13734455406665802,
    0.13321524858474731,
    0.12914131581783295,
    0.12518638372421265,
    0.12125521898269653,
    0.11757701635360718,
    0.11384352296590805,
    0.11015886813402176,
    0.10660760849714279,
    0.10317941009998322,
    0.09988930821418762,
    0.09659574180841446,
    0.09347020834684372,
    0.090397909283638,
    0.08740484714508057,
    0.0845627412199974,
    0.08175724744796753,
    0.0789661556482315,
    0.07637319713830948,
    0.07383507490158081,
    0.07137439399957657,
    0.0690196231007576,
    0.06676024198532104,
    0.06459886580705643,
    0.06242290884256363
  ]
}